"Epic","Feature","Story","FAILED","BROKEN","PASSED","SKIPPED","UNKNOWN"
"","登录验证检测","用户名不存在进行登录验证","0","0","1","0","0"
"","登录验证检测","用户名正确密码错误进行登录验证","0","0","1","0","0"
"","","注册功能验证","0","0","1","0","0"
"","登录验证检测","登录成功验证","0","0","1","0","0"
"","修改密码验证","修改密码成功验证","0","0","1","0","0"
"","登录验证检测","禁用的用户进行登录验证","0","0","1","0","0"
"","修改密码验证","改回密码功能验证","0","0","1","0","0"
"","","注册账号登录验证","0","0","1","0","0"
"","获取用户信息功能验证","获取用户信息功能验证","0","0","1","0","0"
"","修改密码验证","旧密码错误验证","0","0","1","0","0"
