"Status","Name","Duration in ms","Description"
"passed","testCase.C:\Users\17394\PycharmProjects\pytest\testCase\sys.test_sys_login.test_login_fail_falsePhone","26",""
"passed","testCase.C:\Users\17394\PycharmProjects\pytest\testCase\sys.test_sys_login.test_login_fail_ban_user","18",""
"passed","testCase.C:\Users\17394\PycharmProjects\pytest\testCase\sys.test_sys_chagepwd.test_login_changePwd","1094",""
"passed","testCase.C:\Users\17394\PycharmProjects\pytest\testCase\sys.test_sys_login.test_login_succ","33",""
"passed","testCase.C:\Users\17394\PycharmProjects\pytest\testCase\sys.test_sys_getUserInfo.test_getUserInfo","47",""
"passed","testCase.C:\Users\17394\PycharmProjects\pytest\testCase\user.test_user-Exist.test_newLogin","29",""
"passed","testCase.C:\Users\17394\PycharmProjects\pytest\testCase\user.test_user-Exist.test_login_succ","17",""
"passed","testCase.C:\Users\17394\PycharmProjects\pytest\testCase\sys.test_sys_chagepwd.test_login_returnPwd","17",""
"passed","testCase.C:\Users\17394\PycharmProjects\pytest\testCase\sys.test_sys_login.test_login_fail_falsePwd","30",""
"passed","testCase.C:\Users\17394\PycharmProjects\pytest\testCase\sys.test_sys_chagepwd.test_login_replayPwd","28",""
